{
  "condition": {
    "Block is water": {
      "sheet": "legacy_column",
      "index": "y0_as_number",
      "symbol": "IN_LIST",
      "value": "Water blocks"
    },
    "Breathing again": {
      "sheet": "ply_stats_delta",
      "index": "oxygen",
      "symbol": "GREATER",
      "value": "0"
    },
    "Contact Lava": {
      "sheet": "legacy_column",
      "index": "y-1_as_number",
      "symbol": "EQUAL",
      "value": "11"
    },
    "Contact Lava (Flowing)": {
      "sheet": "legacy_column",
      "index": "y-1_as_number",
      "symbol": "EQUAL",
      "value": "10"
    },
    "Contact Lava (Flowing)__AS_BLOCK": {
      "sheet": "legacy_column",
      "index": "y-1_as_number",
      "symbol": "EQUAL",
      "value": "minecraft:flowing_lava"
    },
    "Contact Lava__AS_BLOCK": {
      "sheet": "legacy_column",
      "index": "y-1_as_number",
      "symbol": "EQUAL",
      "value": "minecraft:lava"
    },
    "Contact Water": {
      "sheet": "legacy_column",
      "index": "y-1_as_number",
      "symbol": "EQUAL",
      "value": "9"
    },
    "Contact Water (Flowing)": {
      "sheet": "legacy_column",
      "index": "y-1_as_number",
      "symbol": "EQUAL",
      "value": "8"
    },
    "Contact Water (Flowing)__AS_BLOCK": {
      "sheet": "legacy_column",
      "index": "y-1_as_number",
      "symbol": "EQUAL",
      "value": "minecraft:flowing_water"
    },
    "Contact Water__AS_BLOCK": {
      "sheet": "legacy_column",
      "index": "y-1_as_number",
      "symbol": "EQUAL",
      "value": "minecraft:water"
    },
    "Entering Water": {
      "sheet": "ply_general_delta",
      "index": "in_water",
      "symbol": "GREATER",
      "value": "0"
    },
    "Falling Impact Fast": {
      "sheet": "ply_action_delta",
      "index": "fall_distance1k",
      "symbol": "LESSER",
      "value": "-5000"
    },
    "Falling Impact Hurt": {
      "sheet": "ply_action_delta",
      "index": "fall_distance1k",
      "symbol": "LESSER",
      "value": "-2000"
    },
    "Falling more than 4 blocks": {
      "sheet": "ply_action",
      "index": "fall_distance1k",
      "symbol": "GREATER",
      "value": "4000"
    },
    "Going Underwater (1)": {
      "sheet": "ply_stats_delta",
      "index": "oxygen",
      "symbol": "LESSER",
      "value": "0"
    },
    "Going Underwater (2)": {
      "sheet": "ply_stats",
      "index": "oxygen",
      "symbol": "GREATER",
      "value": "290"
    },
    "Health Decrease": {
      "sheet": "legacy_delta",
      "index": "player_health_ceil",
      "symbol": "LESSER",
      "value": "0"
    },
    "High Speeds": {
      "sheet": "ply_motion",
      "index": "sqrt_xx_zz",
      "symbol": "GREATER",
      "value": "150"
    },
    "No Y Motion delta": {
      "sheet": "ply_motion_delta",
      "index": "y_1k",
      "symbol": "EQUAL",
      "value": "0"
    },
    "Translating on Y": {
      "sheet": "ply_motion_delta",
      "index": "y_1k",
      "symbol": "NOT_EQUAL",
      "value": "0"
    },
    "Under Water": {
      "sheet": "ply_stats",
      "index": "oxygen",
      "symbol": "LESSER",
      "value": "300"
    }
  },
  "set": {
    "Block is water": {
      "yes": [
        "Block is water"
      ],
      "no": []
    },
    "Breathing again": {
      "yes": [
        "Breathing again"
      ],
      "no": []
    },
    "Contact Lava (on)": {
      "yes": [
        "Contact Lava"
      ],
      "no": []
    },
    "Contact Lava Flowing (on)": {
      "yes": [
        "Contact Lava (Flowing)"
      ],
      "no": []
    },
    "Diving into Water": {
      "yes": [
        "Entering Water",
        "Falling Impact Fast"
      ],
      "no": []
    },
    "Fall Damage": {
      "yes": [
        "Falling Impact Hurt",
        "Health Decrease"
      ],
      "no": []
    },
    "Falling more than 4 blocks": {
      "yes": [
        "Falling more than 4 blocks",
        "Translating on Y"
      ],
      "no": []
    },
    "Going Underwater": {
      "yes": [
        "Going Underwater (1)",
        "Going Underwater (2)"
      ],
      "no": []
    },
    "High Speeds": {
      "yes": [
        "High Speeds",
        "No Y Motion delta"
      ],
      "no": []
    },
    "Jumping into Water": {
      "yes": [
        "Contact Water",
        "Falling Impact Hurt"
      ],
      "no": []
    },
    "Jumping into Water Flowing": {
      "yes": [
        "Contact Water (Flowing)",
        "Falling Impact Hurt"
      ],
      "no": []
    },
    "Under Water": {
      "yes": [
        "Under Water"
      ],
      "no": []
    }
  },
  "machine": {
    "Contact Lava (on)": {
      "allow": [
        "Contact Lava (on)",
        "Contact Lava Flowing (on)"
      ],
      "restrict": [],
      "fadein": 0.0,
      "fadeout": 0.0,
      "delay_fadein": 0.0,
      "delay_fadeout": 1.7,
      "event": [],
      "stream": {
        "path": "matmos_interactions/fire_burst.ogg",
        "vol": 1.0,
        "pitch": 1.0,
        "looping": false,
        "pause": false
      }
    },
    "Contact Water (on)": {
      "allow": [
        "Jumping into Water",
        "Jumping into Water Flowing"
      ],
      "restrict": [],
      "fadein": 0.0,
      "fadeout": 0.0,
      "delay_fadein": 0.0,
      "delay_fadeout": 0.0,
      "event": [
        {
          "event": "Jumping into Water",
          "vol_mod": 1.0,
          "pitch_mod": 1.0,
          "delay_min": 10.0,
          "delay_max": 10.0,
          "delay_start": -1.0
        }
      ]
    },
    "Diving into Water": {
      "allow": [
        "Diving into Water"
      ],
      "restrict": [],
      "fadein": 0.0,
      "fadeout": 0.0,
      "delay_fadein": 0.0,
      "delay_fadeout": 0.0,
      "event": [
        {
          "event": "Diving into Water",
          "vol_mod": 1.0,
          "pitch_mod": 1.0,
          "delay_min": 10.0,
          "delay_max": 10.0,
          "delay_start": -1.0
        }
      ]
    },
    "Fall Damage": {
      "allow": [
        "Fall Damage"
      ],
      "restrict": [],
      "fadein": 0.0,
      "fadeout": 0.0,
      "delay_fadein": 0.0,
      "delay_fadeout": 0.0,
      "event": [
        {
          "event": "Fall Damage",
          "vol_mod": 1.0,
          "pitch_mod": 1.0,
          "delay_min": 10.0,
          "delay_max": 10.0,
          "delay_start": -1.0
        }
      ]
    },
    "Falling gust": {
      "allow": [
        "Falling more than 4 blocks"
      ],
      "restrict": [],
      "fadein": 4.0,
      "fadeout": 0.0,
      "delay_fadein": 0.0,
      "delay_fadeout": 0.0,
      "event": [],
      "stream": {
        "path": "matmos_interactions/speed_wind.ogg",
        "vol": 1.0,
        "pitch": 1.0,
        "looping": true,
        "pause": false
      }
    },
    "Phasing in water": {
      "allow": [
        "Breathing again",
        "Going Underwater"
      ],
      "restrict": [],
      "fadein": 0.0,
      "fadeout": 0.0,
      "delay_fadein": 0.0,
      "delay_fadeout": 0.0,
      "event": [
        {
          "event": "Out of Water",
          "vol_mod": 1.0,
          "pitch_mod": 1.0,
          "delay_min": 10.0,
          "delay_max": 10.0,
          "delay_start": -1.0
        }
      ]
    },
    "Speed gust": {
      "allow": [
        "High Speeds"
      ],
      "restrict": [
        "Under Water"
      ],
      "fadein": 0.5,
      "fadeout": 1.0,
      "delay_fadein": 0.0,
      "delay_fadeout": 0.3,
      "event": [],
      "stream": {
        "path": "matmos_interactions/speed_wind.ogg",
        "vol": 0.05,
        "pitch": 1.0,
        "looping": true,
        "pause": false
      }
    },
    "Under Water": {
      "allow": [
        "Block is water",
        "Under Water"
      ],
      "restrict": [],
      "fadein": 0.0,
      "fadeout": 0.0,
      "delay_fadein": 0.0,
      "delay_fadeout": 0.0,
      "event": [
        {
          "event": "Under Water",
          "vol_mod": 0.5,
          "pitch_mod": 1.0,
          "delay_min": 0.2,
          "delay_max": 3.0,
          "delay_start": 0.0
        }
      ],
      "stream": {
        "path": "matmos_interactions/water_underwater_loop.ogg",
        "vol": 0.5,
        "pitch": 1.0,
        "looping": true,
        "pause": true
      }
    }
  },
  "event": {
    "Diving into Water": {
      "vol_min": 1.0,
      "vol_max": 1.0,
      "pitch_min": 0.9,
      "pitch_max": 1.2,
      "distance": 0,
      "path": [
        "matmos_interactions/water_divein.ogg"
      ]
    },
    "Fall Damage": {
      "vol_min": 1.0,
      "vol_max": 1.0,
      "pitch_min": 0.8,
      "pitch_max": 1.0,
      "distance": 0,
      "path": [
        "damage/fallbig1.ogg",
        "damage/fallbig2.ogg"
      ]
    },
    "Jumping into Water": {
      "vol_min": 1.0,
      "vol_max": 1.0,
      "pitch_min": 0.9,
      "pitch_max": 1.1,
      "distance": 0,
      "path": [
        "matmos_interactions/water_jumpin.ogg"
      ]
    },
    "Out of Water": {
      "vol_min": 1.0,
      "vol_max": 1.0,
      "pitch_min": 1.3,
      "pitch_max": 1.4,
      "distance": 0,
      "path": [
        "matmos_interactions/water_underwater_a.ogg",
        "matmos_interactions/water_underwater_b.ogg",
        "matmos_interactions/water_underwater_c.ogg",
        "matmos_interactions/water_underwater_d.ogg"
      ]
    },
    "Under Water": {
      "vol_min": 1.0,
      "vol_max": 1.0,
      "pitch_min": 0.9,
      "pitch_max": 1.1,
      "distance": 0,
      "path": [
        "matmos_interactions/water_underwater_a.ogg",
        "matmos_interactions/water_underwater_b.ogg",
        "matmos_interactions/water_underwater_c.ogg",
        "matmos_interactions/water_underwater_d.ogg"
      ]
    },
    "__SAMPLE": {
      "vol_min": 1.0,
      "vol_max": 1.0,
      "pitch_min": 0.9,
      "pitch_max": 1.2,
      "distance": 0,
      "path": [
        "matmos_interactions/water_divein.ogg"
      ]
    }
  },
  "list": {
    "Dummy": {
      "entries": [
        "1"
      ]
    },
    "Dummy__AS_BLOCK": {
      "entries": [
        "minecraft:stone"
      ]
    },
    "Dummy__AS_ITEM": {
      "entries": [
        "minecraft:stone"
      ]
    },
    "Water blocks": {
      "entries": [
        "8",
        "9"
      ]
    },
    "Water blocks__AS_BLOCK": {
      "entries": [
        "minecraft:flowing_water",
        "minecraft:water"
      ]
    },
    "Water blocks__AS_ITEM": {
      "entries": []
    }
  },
  "dynamic": {}
}