{
  "condition": {
    "Interact Block Stance To Off": {
      "sheet": "ply_general_delta",
      "index": "blocking",
      "symbol": "LESSER",
      "value": "0"
    },
    "Interact Block Stance To On": {
      "sheet": "ply_general_delta",
      "index": "blocking",
      "symbol": "GREATER",
      "value": "0"
    },
    "Interact Bow": {
      "sheet": "legacy",
      "index": "player_current_item_as_number",
      "symbol": "EQUAL",
      "value": "261"
    },
    "Interact Bow__AS_ITEM": {
      "sheet": "legacy",
      "index": "player_current_item_as_number",
      "symbol": "EQUAL",
      "value": "minecraft:bow"
    },
    "Interact Consumable Food": {
      "sheet": "legacy",
      "index": "player_current_item_as_number",
      "symbol": "IN_LIST",
      "value": "Consumable Food"
    },
    "Interact Different Item Select": {
      "sheet": "legacy_delta",
      "index": "player_current_item_as_number",
      "symbol": "NOT_EQUAL",
      "value": "0"
    },
    "Interact Hands": {
      "sheet": "legacy",
      "index": "player_current_item_as_number",
      "symbol": "EQUAL",
      "value": "-1"
    },
    "Interact Hit": {
      "sheet": "ply_action",
      "index": "swing_progress16",
      "symbol": "GREATER",
      "value": "1"
    },
    "Interact Item Select": {
      "sheet": "ply_inventory_delta",
      "index": "held_slot",
      "symbol": "NOT_EQUAL",
      "value": "0"
    },
    "Interact Sword Sharp": {
      "sheet": "legacy",
      "index": "player_current_item_as_number",
      "symbol": "IN_LIST",
      "value": "Sword Sharp"
    },
    "Interact Sword Soft": {
      "sheet": "legacy",
      "index": "player_current_item_as_number",
      "symbol": "IN_LIST",
      "value": "Sword Soft"
    },
    "Interact Tool Sharp": {
      "sheet": "legacy",
      "index": "player_current_item_as_number",
      "symbol": "IN_LIST",
      "value": "Tool Sharp"
    },
    "Interact Tool Soft": {
      "sheet": "legacy",
      "index": "player_current_item_as_number",
      "symbol": "IN_LIST",
      "value": "Tool Soft"
    },
    "Interact Utility": {
      "sheet": "legacy",
      "index": "player_current_item_as_number",
      "symbol": "IN_LIST",
      "value": "Utility"
    },
    "Is underwater": {
      "sheet": "ply_stats",
      "index": "oxygen",
      "symbol": "LESSER",
      "value": "300"
    }
  },
  "set": {
    "Interact Block Stance To Off": {
      "yes": [
        "Interact Block Stance To Off"
      ],
      "no": []
    },
    "Interact Block Stance To On": {
      "yes": [
        "Interact Block Stance To On"
      ],
      "no": []
    },
    "Interact Bow Draw": {
      "yes": [
        "Interact Bow",
        "Interact Item Select"
      ],
      "no": []
    },
    "Interact Consumable Food Draw": {
      "yes": [
        "Interact Consumable Food",
        "Interact Item Select"
      ],
      "no": []
    },
    "Interact Hands": {
      "yes": [
        "Interact Hands"
      ],
      "no": []
    },
    "Interact Hands Select": {
      "yes": [
        "Interact Different Item Select",
        "Interact Hands"
      ],
      "no": []
    },
    "Interact Item Select": {
      "yes": [
        "Interact Item Select"
      ],
      "no": []
    },
    "Interact Sword Sharp Draw": {
      "yes": [
        "Interact Item Select",
        "Interact Sword Sharp"
      ],
      "no": []
    },
    "Interact Sword Soft Draw": {
      "yes": [
        "Interact Item Select",
        "Interact Sword Soft"
      ],
      "no": []
    },
    "Interact Sword Soft Hit": {
      "yes": [
        "Interact Hit",
        "Interact Sword Soft",
        "Interact Target"
      ],
      "no": []
    },
    "Interact Tool Sharp Draw": {
      "yes": [
        "Interact Item Select",
        "Interact Tool Sharp"
      ],
      "no": []
    },
    "Interact Tool Soft Draw": {
      "yes": [
        "Interact Item Select",
        "Interact Tool Soft"
      ],
      "no": []
    },
    "Interact Utility Draw": {
      "yes": [
        "Interact Item Select",
        "Interact Utility"
      ],
      "no": []
    },
    "Is out of water": {
      "yes": [],
      "no": [
        "Is underwater"
      ]
    },
    "Is underwater": {
      "yes": [
        "Is underwater"
      ],
      "no": []
    }
  },
  "machine": {
    "Interact Block Stance To Off": {
      "allow": [
        "Interact Block Stance To Off"
      ],
      "restrict": [
        "Is underwater"
      ],
      "fadein": 0.0,
      "fadeout": 0.0,
      "delay_fadein": 0.0,
      "delay_fadeout": 0.0,
      "event": [
        {
          "event": "Interact Generic Holster",
          "vol_mod": 1.0,
          "pitch_mod": 1.0,
          "delay_min": 10.0,
          "delay_max": 10.0,
          "delay_start": -1.0
        }
      ]
    },
    "Interact Block Stance To On": {
      "allow": [
        "Interact Block Stance To On"
      ],
      "restrict": [
        "Is underwater"
      ],
      "fadein": 0.0,
      "fadeout": 0.0,
      "delay_fadein": 0.0,
      "delay_fadeout": 0.0,
      "event": [
        {
          "event": "Interact Generic Draw",
          "vol_mod": 1.0,
          "pitch_mod": 1.0,
          "delay_min": 10.0,
          "delay_max": 10.0,
          "delay_start": -1.0
        }
      ]
    },
    "Interact Bow Draw": {
      "allow": [
        "Interact Bow Draw"
      ],
      "restrict": [
        "Is underwater"
      ],
      "fadein": 0.0,
      "fadeout": 0.0,
      "delay_fadein": 0.0,
      "delay_fadeout": 0.0,
      "event": [
        {
          "event": "Interact Bow Draw",
          "vol_mod": 1.0,
          "pitch_mod": 1.0,
          "delay_min": 10.0,
          "delay_max": 10.0,
          "delay_start": -1.0
        }
      ]
    },
    "Interact Consumable Food Draw": {
      "allow": [
        "Interact Consumable Food Draw"
      ],
      "restrict": [
        "Is underwater"
      ],
      "fadein": 0.0,
      "fadeout": 0.0,
      "delay_fadein": 0.0,
      "delay_fadeout": 0.0,
      "event": [
        {
          "event": "Interact Consumable Food Draw",
          "vol_mod": 1.0,
          "pitch_mod": 1.0,
          "delay_min": 10.0,
          "delay_max": 10.0,
          "delay_start": -1.0
        }
      ]
    },
    "Interact Generic Draw": {
      "allow": [
        "Interact Item Select"
      ],
      "restrict": [
        "Interact Bow Draw",
        "Interact Consumable Food Draw",
        "Interact Hands",
        "Interact Sword Sharp Draw",
        "Interact Sword Soft Draw",
        "Interact Tool Sharp Draw",
        "Interact Tool Soft Draw",
        "Interact Utility Draw",
        "Is underwater"
      ],
      "fadein": 0.0,
      "fadeout": 0.0,
      "delay_fadein": 0.0,
      "delay_fadeout": 0.0,
      "event": [
        {
          "event": "Interact Generic Draw",
          "vol_mod": 1.0,
          "pitch_mod": 1.0,
          "delay_min": 10.0,
          "delay_max": 10.0,
          "delay_start": -1.0
        }
      ]
    },
    "Interact Generic Hands Select": {
      "allow": [
        "Interact Hands Select"
      ],
      "restrict": [
        "Is underwater"
      ],
      "fadein": 0.0,
      "fadeout": 0.0,
      "delay_fadein": 0.0,
      "delay_fadeout": 0.0,
      "event": [
        {
          "event": "Interact Generic Holster",
          "vol_mod": 0.5,
          "pitch_mod": 1.0,
          "delay_min": 10.0,
          "delay_max": 10.0,
          "delay_start": -1.0
        }
      ]
    },
    "Interact Sword Sharp Draw": {
      "allow": [
        "Interact Sword Sharp Draw"
      ],
      "restrict": [
        "Is underwater"
      ],
      "fadein": 0.0,
      "fadeout": 0.0,
      "delay_fadein": 0.0,
      "delay_fadeout": 0.0,
      "event": [
        {
          "event": "Interact Sword Sharp Draw",
          "vol_mod": 1.0,
          "pitch_mod": 1.0,
          "delay_min": 10.0,
          "delay_max": 10.0,
          "delay_start": -1.0
        }
      ]
    },
    "Interact Sword Soft Draw": {
      "allow": [
        "Interact Sword Soft Draw"
      ],
      "restrict": [
        "Is underwater"
      ],
      "fadein": 0.0,
      "fadeout": 0.0,
      "delay_fadein": 0.0,
      "delay_fadeout": 0.0,
      "event": [
        {
          "event": "Interact Sword Soft Draw",
          "vol_mod": 1.0,
          "pitch_mod": 1.0,
          "delay_min": 10.0,
          "delay_max": 10.0,
          "delay_start": -1.0
        }
      ]
    },
    "Interact Tool Sharp Draw": {
      "allow": [
        "Interact Tool Sharp Draw"
      ],
      "restrict": [
        "Is underwater"
      ],
      "fadein": 0.0,
      "fadeout": 0.0,
      "delay_fadein": 0.0,
      "delay_fadeout": 0.0,
      "event": [
        {
          "event": "Interact Tool Sharp Draw",
          "vol_mod": 1.0,
          "pitch_mod": 1.0,
          "delay_min": 10.0,
          "delay_max": 10.0,
          "delay_start": -1.0
        }
      ]
    },
    "Interact Tool Soft Draw": {
      "allow": [
        "Interact Tool Soft Draw"
      ],
      "restrict": [
        "Is underwater"
      ],
      "fadein": 0.0,
      "fadeout": 0.0,
      "delay_fadein": 0.0,
      "delay_fadeout": 0.0,
      "event": [
        {
          "event": "Interact Tool Soft Draw",
          "vol_mod": 1.0,
          "pitch_mod": 1.0,
          "delay_min": 10.0,
          "delay_max": 10.0,
          "delay_start": -1.0
        }
      ]
    },
    "Interact Underwater Stance": {
      "allow": [
        "Interact Hands Select",
        "Interact Item Select"
      ],
      "restrict": [
        "Is out of water"
      ],
      "fadein": 0.0,
      "fadeout": 0.0,
      "delay_fadein": 0.0,
      "delay_fadeout": 0.0,
      "event": [
        {
          "event": "Interact Underwater Switch",
          "vol_mod": 1.0,
          "pitch_mod": 1.0,
          "delay_min": 100.0,
          "delay_max": 100.0,
          "delay_start": -1.0
        }
      ]
    },
    "Interact Utility Draw": {
      "allow": [
        "Interact Utility Draw"
      ],
      "restrict": [
        "Is underwater"
      ],
      "fadein": 0.0,
      "fadeout": 0.0,
      "delay_fadein": 0.0,
      "delay_fadeout": 0.0,
      "event": [
        {
          "event": "Interact Utility Draw",
          "vol_mod": 1.0,
          "pitch_mod": 1.0,
          "delay_min": 10.0,
          "delay_max": 10.0,
          "delay_start": -1.0
        }
      ]
    }
  },
  "event": {
    "Interact Bow Draw": {
      "vol_min": 1.0,
      "vol_max": 1.0,
      "pitch_min": 0.95,
      "pitch_max": 1.1,
      "distance": 0,
      "path": [
        "matmos_interactions/bow_draw.ogg"
      ]
    },
    "Interact Consumable Food Draw": {
      "vol_min": 1.0,
      "vol_max": 1.0,
      "pitch_min": 0.9,
      "pitch_max": 1.1,
      "distance": 0,
      "path": [
        "matmos_interactions/food_draw.ogg"
      ]
    },
    "Interact Generic Draw": {
      "vol_min": 1.0,
      "vol_max": 1.0,
      "pitch_min": 0.9,
      "pitch_max": 1.1,
      "distance": 0,
      "path": [
        "matmos_interactions/generic_draw.ogg"
      ]
    },
    "Interact Generic Holster": {
      "vol_min": 1.0,
      "vol_max": 1.0,
      "pitch_min": 0.7,
      "pitch_max": 0.8,
      "distance": 0,
      "path": [
        "matmos_interactions/generic_draw.ogg"
      ]
    },
    "Interact Sword Sharp Draw": {
      "vol_min": 1.0,
      "vol_max": 1.0,
      "pitch_min": 0.95,
      "pitch_max": 1.05,
      "distance": 0,
      "path": [
        "matmos_interactions/sword_draw.ogg"
      ]
    },
    "Interact Sword Soft Draw": {
      "vol_min": 1.0,
      "vol_max": 1.0,
      "pitch_min": 0.95,
      "pitch_max": 1.05,
      "distance": 0,
      "path": [
        "matmos_interactions/blunt_draw.ogg"
      ]
    },
    "Interact Tool Sharp Draw": {
      "vol_min": 1.0,
      "vol_max": 1.0,
      "pitch_min": 0.95,
      "pitch_max": 1.05,
      "distance": 0,
      "path": [
        "matmos_interactions/tool_draw.ogg"
      ]
    },
    "Interact Tool Soft Draw": {
      "vol_min": 1.0,
      "vol_max": 1.0,
      "pitch_min": 0.95,
      "pitch_max": 1.05,
      "distance": 0,
      "path": [
        "matmos_interactions/blunt_draw.ogg"
      ]
    },
    "Interact Underwater Switch": {
      "vol_min": 1.0,
      "vol_max": 1.0,
      "pitch_min": 0.7,
      "pitch_max": 0.8,
      "distance": 0,
      "path": [
        "matmos_interactions/water_underwater_a.ogg",
        "matmos_interactions/water_underwater_b.ogg",
        "matmos_interactions/water_underwater_c.ogg",
        "matmos_interactions/water_underwater_d.ogg"
      ]
    },
    "Interact Utility Draw": {
      "vol_min": 1.0,
      "vol_max": 1.0,
      "pitch_min": 0.95,
      "pitch_max": 1.05,
      "distance": 0,
      "path": [
        "matmos_interactions/utility_draw.ogg"
      ]
    },
    "__SAMPLE": {
      "vol_min": 1.0,
      "vol_max": 1.0,
      "pitch_min": 0.95,
      "pitch_max": 1.05,
      "distance": 0,
      "path": [
        "matmos_interactions/sword_draw.ogg"
      ]
    }
  },
  "list": {
    "Consumable Food": {
      "entries": [
        "260",
        "319",
        "320",
        "322",
        "349",
        "350",
        "354",
        "357",
        "360",
        "363",
        "364",
        "365",
        "366",
        "367",
        "382",
        "391",
        "392",
        "393",
        "394",
        "396"
      ]
    },
    "Consumable Food__AS_BLOCK": {
      "entries": [
        "minecraft:air"
      ]
    },
    "Consumable Food__AS_ITEM": {
      "entries": [
        "minecraft:apple",
        "minecraft:baked_potato",
        "minecraft:beef",
        "minecraft:cake",
        "minecraft:carrot",
        "minecraft:chicken",
        "minecraft:cooked_beef",
        "minecraft:cooked_chicken",
        "minecraft:cooked_fish",
        "minecraft:cooked_porkchop",
        "minecraft:cookie",
        "minecraft:fish",
        "minecraft:golden_apple",
        "minecraft:golden_carrot",
        "minecraft:melon",
        "minecraft:poisonous_potato",
        "minecraft:porkchop",
        "minecraft:potato",
        "minecraft:rotten_flesh",
        "minecraft:speckled_melon"
      ]
    },
    "Sword Sharp": {
      "entries": [
        "267",
        "276",
        "283"
      ]
    },
    "Sword Sharp__AS_BLOCK": {
      "entries": [
        "minecraft:air"
      ]
    },
    "Sword Sharp__AS_ITEM": {
      "entries": [
        "minecraft:diamond_sword",
        "minecraft:golden_sword",
        "minecraft:iron_sword"
      ]
    },
    "Sword Soft": {
      "entries": [
        "268",
        "272"
      ]
    },
    "Sword Soft__AS_BLOCK": {
      "entries": [
        "minecraft:air"
      ]
    },
    "Sword Soft__AS_ITEM": {
      "entries": [
        "minecraft:stone_sword",
        "minecraft:wooden_sword"
      ]
    },
    "Tool Sharp": {
      "entries": [
        "256",
        "257",
        "258",
        "277",
        "278",
        "279",
        "284",
        "285",
        "286",
        "292",
        "293",
        "294"
      ]
    },
    "Tool Sharp__AS_BLOCK": {
      "entries": [
        "minecraft:air"
      ]
    },
    "Tool Sharp__AS_ITEM": {
      "entries": [
        "minecraft:diamond_axe",
        "minecraft:diamond_hoe",
        "minecraft:diamond_pickaxe",
        "minecraft:diamond_shovel",
        "minecraft:golden_axe",
        "minecraft:golden_hoe",
        "minecraft:golden_pickaxe",
        "minecraft:golden_shovel",
        "minecraft:iron_axe",
        "minecraft:iron_hoe",
        "minecraft:iron_pickaxe",
        "minecraft:iron_shovel"
      ]
    },
    "Tool Soft": {
      "entries": [
        "269",
        "270",
        "271",
        "273",
        "274",
        "275",
        "290",
        "291",
        "346"
      ]
    },
    "Tool Soft__AS_BLOCK": {
      "entries": [
        "minecraft:air"
      ]
    },
    "Tool Soft__AS_ITEM": {
      "entries": [
        "minecraft:fishing_rod",
        "minecraft:stone_axe",
        "minecraft:stone_hoe",
        "minecraft:stone_pickaxe",
        "minecraft:stone_shovel",
        "minecraft:wooden_axe",
        "minecraft:wooden_hoe",
        "minecraft:wooden_pickaxe",
        "minecraft:wooden_shovel"
      ]
    },
    "Utility": {
      "entries": [
        "345",
        "347"
      ]
    },
    "Utility__AS_BLOCK": {
      "entries": [
        "minecraft:air"
      ]
    },
    "Utility__AS_ITEM": {
      "entries": [
        "minecraft:clock",
        "minecraft:compass"
      ]
    }
  },
  "dynamic": {}
}