{
    "variants": {
        "east=false,north=false,south=false,west=false": { "model": "acacia_fence_post" },
        "east=false,north=true,south=false,west=false": { "model": "acacia_fence_ns" },
        "east=true,north=false,south=false,west=false": { "model": "acacia_fence_ns", "y": 90 },
        "east=false,north=false,south=true,west=false": { "model": "acacia_fence_ns", "y": 180 },
        "east=false,north=false,south=false,west=true": { "model": "acacia_fence_ns", "y": 270 },
        "east=true,north=true,south=false,west=false": { "model": "acacia_fence_nsew" },
        "east=true,north=false,south=true,west=false": { "model": "acacia_fence_nsew", "y": 90 },
        "east=false,north=false,south=true,west=true": { "model": "acacia_fence_nsew", "y": 180 },
        "east=false,north=true,south=false,west=true": { "model": "acacia_fence_nsew", "y": 270 },
        "east=false,north=true,south=true,west=false": { "model": "acacia_fence_ns" },
        "east=true,north=false,south=false,west=true": { "model": "acacia_fence_ns", "y": 90 },
        "east=true,north=true,south=true,west=false": { "model": "acacia_fence_nsew" },
        "east=true,north=false,south=true,west=true": { "model": "acacia_fence_nsew", "y": 90 },
        "east=false,north=true,south=true,west=true": { "model": "acacia_fence_nsew", "y": 180 },
        "east=true,north=true,south=false,west=true": { "model": "acacia_fence_nsew", "y": 270 },
        "east=true,north=true,south=true,west=true": { "model": "acacia_fence_nsew" }
    }
}
