{
    "__comment": "Fair warning, this format is highly likely to change even more in the future!",
    "variants": {
        "normal": [
            { "model": "bookshelf", "weight": 25 },
            { "model": "bookshelf_1", "weight": 25 },
            { "model": "bookshelf_2", "weight": 3 },
            { "model": "bookshelf_2", "y": 90, "weight": 3 },
            { "model": "bookshelf_2", "y": 180, "weight": 3 },
            { "model": "bookshelf_2", "y": 270, "weight": 3 }
        ]
    }
}
