{
    "variants": {
        "east=false,north=false,south=false,west=false": { "model": "dark_oak_fence_post" },
        "east=false,north=true,south=false,west=false": { "model": "dark_oak_fence_n" },
        "east=true,north=false,south=false,west=false": { "model": "dark_oak_fence_n", "y": 90 },
        "east=false,north=false,south=true,west=false": { "model": "dark_oak_fence_n", "y": 180 },
        "east=false,north=false,south=false,west=true": { "model": "dark_oak_fence_n", "y": 270 },
        "east=true,north=true,south=false,west=false": { "model": "dark_oak_fence_ne" },
        "east=true,north=false,south=true,west=false": { "model": "dark_oak_fence_ne", "y": 90 },
        "east=false,north=false,south=true,west=true": { "model": "dark_oak_fence_ne", "y": 180 },
        "east=false,north=true,south=false,west=true": { "model": "dark_oak_fence_ne", "y": 270 },
        "east=false,north=true,south=true,west=false": [
            { "model": "dark_oak_fence_ns" },
            { "model": "dark_oak_fence_ns_1" },
            { "model": "dark_oak_fence_ns_2" },
            { "model": "dark_oak_fence_ns_3" }
        ],
        "east=true,north=false,south=false,west=true": [
            { "model": "dark_oak_fence_ns", "y": 90 },
            { "model": "dark_oak_fence_ns_1", "y": 90 },
            { "model": "dark_oak_fence_ns_2", "y": 90 },
            { "model": "dark_oak_fence_ns_3", "y": 90 }
        ],
        "east=true,north=true,south=true,west=false": { "model": "dark_oak_fence_nse" },
        "east=true,north=false,south=true,west=true": { "model": "dark_oak_fence_nse", "y": 90 },
        "east=false,north=true,south=true,west=true": { "model": "dark_oak_fence_nse", "y": 180 },
        "east=true,north=true,south=false,west=true": { "model": "dark_oak_fence_nse", "y": 270 },
        "east=true,north=true,south=true,west=true": { "model": "dark_oak_fence_nsew" }
    }
}
