{
    "__comment": "Fair warning, this format is highly likely to change even more in the future!",
    "variants": {
        "attached=false,east=false,north=false,south=false,suspended=false,west=false": { "model": "tripwire_ns" },
        "attached=false,east=false,north=true,south=false,suspended=false,west=false": { "model": "tripwire_n" },
        "attached=false,east=false,north=false,south=true,suspended=false,west=false": { "model": "tripwire_n", "y": 180 },
        "attached=false,east=true,north=false,south=false,suspended=false,west=false": { "model": "tripwire_n", "y": 90 },
        "attached=false,east=false,north=false,south=false,suspended=false,west=true": { "model": "tripwire_n", "y": 270 },
        "attached=false,east=true,north=true,south=false,suspended=false,west=false": { "model": "tripwire_ne" },
        "attached=false,east=true,north=false,south=true,suspended=false,west=false": { "model": "tripwire_ne", "y": 90 },
        "attached=false,east=false,north=false,south=true,suspended=false,west=true": { "model": "tripwire_ne", "y": 180 },
        "attached=false,east=false,north=true,south=false,suspended=false,west=true": { "model": "tripwire_ne", "y": 270 },
        "attached=false,east=false,north=true,south=true,suspended=false,west=false": { "model": "tripwire_ns" },
        "attached=false,east=true,north=false,south=false,suspended=false,west=true": { "model": "tripwire_ns", "y": 90 },
        "attached=false,east=true,north=true,south=true,suspended=false,west=false": { "model": "tripwire_nse" },
        "attached=false,east=true,north=false,south=true,suspended=false,west=true": { "model": "tripwire_nse", "y": 90 },
        "attached=false,east=false,north=true,south=true,suspended=false,west=true": { "model": "tripwire_nse", "y": 180 },
        "attached=false,east=true,north=true,south=false,suspended=false,west=true": { "model": "tripwire_nse", "y": 270 },
        "attached=false,east=true,north=true,south=true,suspended=false,west=true": { "model": "tripwire_nsew" },
        "attached=false,east=false,north=false,south=false,suspended=true,west=false": { "model": "tripwire_ns" },
        "attached=false,east=false,north=true,south=false,suspended=true,west=false": { "model": "tripwire_n" },
        "attached=false,east=false,north=false,south=true,suspended=true,west=false": { "model": "tripwire_n", "y": 180 },
        "attached=false,east=true,north=false,south=false,suspended=true,west=false": { "model": "tripwire_n", "y": 90 },
        "attached=false,east=false,north=false,south=false,suspended=true,west=true": { "model": "tripwire_n", "y": 270 },
        "attached=false,east=true,north=true,south=false,suspended=true,west=false": { "model": "tripwire_ne" },
        "attached=false,east=true,north=false,south=true,suspended=true,west=false": { "model": "tripwire_ne", "y": 90 },
        "attached=false,east=false,north=false,south=true,suspended=true,west=true": { "model": "tripwire_ne", "y": 180 },
        "attached=false,east=false,north=true,south=false,suspended=true,west=true": { "model": "tripwire_ne", "y": 270 },
        "attached=false,east=false,north=true,south=true,suspended=true,west=false": { "model": "tripwire_ns" },
        "attached=false,east=true,north=false,south=false,suspended=true,west=true": { "model": "tripwire_ns", "y": 90 },
        "attached=false,east=true,north=true,south=true,suspended=true,west=false": { "model": "tripwire_nse" },
        "attached=false,east=true,north=false,south=true,suspended=true,west=true": { "model": "tripwire_nse", "y": 90 },
        "attached=false,east=false,north=true,south=true,suspended=true,west=true": { "model": "tripwire_nse", "y": 180 },
        "attached=false,east=true,north=true,south=false,suspended=true,west=true": { "model": "tripwire_nse", "y": 270 },
        "attached=false,east=true,north=true,south=true,suspended=true,west=true": { "model": "tripwire_nsew" },
        "attached=true,east=false,north=false,south=false,suspended=false,west=false": { "model": "tripwire_attached_ns" },
        "attached=true,east=false,north=true,south=false,suspended=false,west=false": { "model": "tripwire_attached_n" },
        "attached=true,east=false,north=false,south=true,suspended=false,west=false": { "model": "tripwire_attached_n", "y": 180 },
        "attached=true,east=true,north=false,south=false,suspended=false,west=false": { "model": "tripwire_attached_n", "y": 90 },
        "attached=true,east=false,north=false,south=false,suspended=false,west=true": { "model": "tripwire_attached_n", "y": 270 },
        "attached=true,east=true,north=true,south=false,suspended=false,west=false": { "model": "tripwire_attached_ne" },
        "attached=true,east=true,north=false,south=true,suspended=false,west=false": { "model": "tripwire_attached_ne", "y": 90 },
        "attached=true,east=false,north=false,south=true,suspended=false,west=true": { "model": "tripwire_attached_ne", "y": 180 },
        "attached=true,east=false,north=true,south=false,suspended=false,west=true": { "model": "tripwire_attached_ne", "y": 270 },
        "attached=true,east=false,north=true,south=true,suspended=false,west=false": { "model": "tripwire_attached_ns" },
        "attached=true,east=true,north=false,south=false,suspended=false,west=true": { "model": "tripwire_attached_ns", "y": 90 },
        "attached=true,east=true,north=true,south=true,suspended=false,west=false": { "model": "tripwire_attached_nse" },
        "attached=true,east=true,north=false,south=true,suspended=false,west=true": { "model": "tripwire_attached_nse", "y": 90 },
        "attached=true,east=false,north=true,south=true,suspended=false,west=true": { "model": "tripwire_attached_nse", "y": 180 },
        "attached=true,east=true,north=true,south=false,suspended=false,west=true": { "model": "tripwire_attached_nse", "y": 270 },
        "attached=true,east=true,north=true,south=true,suspended=false,west=true": { "model": "tripwire_attached_nsew" },
        "attached=true,east=false,north=false,south=false,suspended=true,west=false": { "model": "tripwire_attached_suspended_ns" },
        "attached=true,east=false,north=true,south=false,suspended=true,west=false": { "model": "tripwire_attached_suspended_n" },
        "attached=true,east=false,north=false,south=true,suspended=true,west=false": { "model": "tripwire_attached_suspended_n", "y": 180 },
        "attached=true,east=true,north=false,south=false,suspended=true,west=false": { "model": "tripwire_attached_suspended_n", "y": 90 },
        "attached=true,east=false,north=false,south=false,suspended=true,west=true": { "model": "tripwire_attached_suspended_n", "y": 270 },
        "attached=true,east=true,north=true,south=false,suspended=true,west=false": { "model": "tripwire_attached_suspended_ne" },
        "attached=true,east=true,north=false,south=true,suspended=true,west=false": { "model": "tripwire_attached_suspended_ne", "y": 90 },
        "attached=true,east=false,north=false,south=true,suspended=true,west=true": { "model": "tripwire_attached_suspended_ne", "y": 180 },
        "attached=true,east=false,north=true,south=false,suspended=true,west=true": { "model": "tripwire_attached_suspended_ne", "y": 270 },
        "attached=true,east=false,north=true,south=true,suspended=true,west=false": { "model": "tripwire_attached_suspended_ns" },
        "attached=true,east=true,north=false,south=false,suspended=true,west=true": { "model": "tripwire_attached_suspended_ns", "y": 90 },
        "attached=true,east=true,north=true,south=true,suspended=true,west=false": { "model": "tripwire_attached_suspended_nse" },
        "attached=true,east=true,north=false,south=true,suspended=true,west=true": { "model": "tripwire_attached_suspended_nse", "y": 90 },
        "attached=true,east=false,north=true,south=true,suspended=true,west=true": { "model": "tripwire_attached_suspended_nse", "y": 180 },
        "attached=true,east=true,north=true,south=false,suspended=true,west=true": { "model": "tripwire_attached_suspended_nse", "y": 270 },
        "attached=true,east=true,north=true,south=true,suspended=true,west=true": { "model": "tripwire_attached_suspended_nsew" }
    }
}
