{
	"expansions" : [
		{
			"uniquename" : "eu.ha3.default.earthlies",
			"friendlyname" : "Default 2016: Earthlies",
			"pointer" : "expansions/earthlies_database.json"
		},
		{
			"uniquename" : "eu.ha3.default.environments",
			"friendlyname" : "Default 2016: Environments",
			"pointer" : "expansions/interactions_environments.json"
		},
		{
			"uniquename" : "eu.ha3.default.extras",
			"friendlyname" : "Default 2016: Extras",
			"pointer" : "expansions/interactions_extras.json"
		},
		{
			"uniquename" : "eu.ha3.default.itemswitches",
			"friendlyname" : "Default 2016: Itemswitches",
			"pointer" : "expansions/interactions_itemswitches.json"
		},
		{
			"uniquename" : "eu.ha3.default.weapons",
			"friendlyname" : "Default 2016: Weapons",
			"pointer" : "expansions/interactions_weapons.json"
		}
	]
}